{
  "id": "1252830",
  "name": "E9-流程",
  "font_family": "iconfont",
  "css_prefix_text": "icon",
  "description": "",
  "glyphs": [
    {
      "icon_id": "6241497",
      "name": "文件夹",
      "font_class": "wenjianjia",
      "unicode": "e629",
      "unicode_decimal": 58921
    },
    {
      "icon_id": "16545881",
      "name": "档案",
      "font_class": "dangan",
      "unicode": "e6d0",
      "unicode_decimal": 59088
    },
    {
      "icon_id": "7038155",
      "name": "按钮",
      "font_class": "anniu",
      "unicode": "e646",
      "unicode_decimal": 58950
    },
    {
      "icon_id": "7636872",
      "name": "上三角 向上 面性",
      "font_class": "shangsanjiaoxiangshangmianxing-copy",
      "unicode": "e608",
      "unicode_decimal": 58888
    },
    {
      "icon_id": "10224887",
      "name": "上三角 向上 面性",
      "font_class": "shangsanjiaoxiangshangmianxing",
      "unicode": "e622",
      "unicode_decimal": 58914
    },
    {
      "icon_id": "14459861",
      "name": "级联_x",
      "font_class": "jilian_x",
      "unicode": "e6c7",
      "unicode_decimal": 59079
    },
    {
      "icon_id": "15223945",
      "name": "弹框",
      "font_class": "dankuang",
      "unicode": "e600",
      "unicode_decimal": 58880
    },
    {
      "icon_id": "16681603",
      "name": "abt_number",
      "font_class": "abt_number",
      "unicode": "e8c5",
      "unicode_decimal": 59589
    },
    {
      "icon_id": "4577348",
      "name": "总计",
      "font_class": "zongji",
      "unicode": "e64c",
      "unicode_decimal": 58956
    },
    {
      "icon_id": "9857726",
      "name": "省略号",
      "font_class": "shenglvehao",
      "unicode": "e834",
      "unicode_decimal": 59444
    },
    {
      "icon_id": "9114432",
      "name": "85排序",
      "font_class": "paixu1",
      "unicode": "e649",
      "unicode_decimal": 58953
    },
    {
      "icon_id": "12685488",
      "name": "恢复",
      "font_class": "icon_huifu",
      "unicode": "e63d",
      "unicode_decimal": 58941
    },
    {
      "icon_id": "5777213",
      "name": "知识库",
      "font_class": "zhishi",
      "unicode": "e607",
      "unicode_decimal": 58887
    },
    {
      "icon_id": "10278205",
      "name": "批量",
      "font_class": "piliang",
      "unicode": "e620",
      "unicode_decimal": 58912
    },
    {
      "icon_id": "1105010",
      "name": "手机",
      "font_class": "shouji",
      "unicode": "e61d",
      "unicode_decimal": 58909
    },
    {
      "icon_id": "4770724",
      "name": "导入",
      "font_class": "daoru",
      "unicode": "e635",
      "unicode_decimal": 58933
    },
    {
      "icon_id": "11252713",
      "name": "关联流程",
      "font_class": "guanlianliucheng",
      "unicode": "e6e0",
      "unicode_decimal": 59104
    },
    {
      "icon_id": "3160199",
      "name": "API",
      "font_class": "API",
      "unicode": "e786",
      "unicode_decimal": 59270
    },
    {
      "icon_id": "8291073",
      "name": "handright",
      "font_class": "handright",
      "unicode": "e89c",
      "unicode_decimal": 59548
    },
    {
      "icon_id": "1155825",
      "name": "签章",
      "font_class": "qianzhang",
      "unicode": "e62a",
      "unicode_decimal": 58922
    },
    {
      "icon_id": "5651956",
      "name": "印章",
      "font_class": "seal",
      "unicode": "e7db",
      "unicode_decimal": 59355
    },
    {
      "icon_id": "5831392",
      "name": "排序",
      "font_class": "paixu",
      "unicode": "e66c",
      "unicode_decimal": 58988
    },
    {
      "icon_id": "4494502",
      "name": "编号",
      "font_class": "bianhao",
      "unicode": "e6f8",
      "unicode_decimal": 59128
    },
    {
      "icon_id": "5809085",
      "name": "预设人员",
      "font_class": "yusherenyuan",
      "unicode": "e65c",
      "unicode_decimal": 58972
    },
    {
      "icon_id": "3764344",
      "name": "暂存",
      "font_class": "zancun",
      "unicode": "e63c",
      "unicode_decimal": 58940
    },
    {
      "icon_id": "3423908",
      "name": "向下边框三角",
      "font_class": "icon_right",
      "unicode": "e601",
      "unicode_decimal": 58881
    },
    {
      "icon_id": "7917259",
      "name": "向下边框三角",
      "font_class": "bottom",
      "unicode": "e602",
      "unicode_decimal": 58882
    },
    {
      "icon_id": "8900001",
      "name": "发布 ",
      "font_class": "fabu",
      "unicode": "e739",
      "unicode_decimal": 59193
    },
    {
      "icon_id": "4145437",
      "name": "close",
      "font_class": "close",
      "unicode": "e79b",
      "unicode_decimal": 59291
    },
    {
      "icon_id": "4145458",
      "name": "delete",
      "font_class": "delete1",
      "unicode": "e7b0",
      "unicode_decimal": 59312
    },
    {
      "icon_id": "4145601",
      "name": "questioncircleo",
      "font_class": "questioncircleo",
      "unicode": "e83e",
      "unicode_decimal": 59454
    },
    {
      "icon_id": "4685706",
      "name": "下载",
      "font_class": "Group-",
      "unicode": "e689",
      "unicode_decimal": 59017
    },
    {
      "icon_id": "3392012",
      "name": "图片",
      "font_class": "tupian",
      "unicode": "e688",
      "unicode_decimal": 59016
    },
    {
      "icon_id": "2474954",
      "name": "数字",
      "font_class": "shuzi1",
      "unicode": "e68f",
      "unicode_decimal": 59023
    },
    {
      "icon_id": "8319398",
      "name": "abt_4_0",
      "font_class": "abt_4_0",
      "unicode": "e89d",
      "unicode_decimal": 59549
    },
    {
      "icon_id": "8319399",
      "name": "abt_3_1",
      "font_class": "abt_3_1",
      "unicode": "e89e",
      "unicode_decimal": 59550
    },
    {
      "icon_id": "8319400",
      "name": "abt_5_0",
      "font_class": "abt_5_0",
      "unicode": "e89f",
      "unicode_decimal": 59551
    },
    {
      "icon_id": "8319401",
      "name": "abt_1_0",
      "font_class": "abt_1_0",
      "unicode": "e8a0",
      "unicode_decimal": 59552
    },
    {
      "icon_id": "8319402",
      "name": "abt_2_0",
      "font_class": "abt_2_0",
      "unicode": "e8a1",
      "unicode_decimal": 59553
    },
    {
      "icon_id": "8319403",
      "name": "abt_3_3",
      "font_class": "abt_3_3",
      "unicode": "e8a2",
      "unicode_decimal": 59554
    },
    {
      "icon_id": "8319404",
      "name": "abt_3_2",
      "font_class": "abt_3_2",
      "unicode": "e8a3",
      "unicode_decimal": 59555
    },
    {
      "icon_id": "8823572",
      "name": "abt_0_1",
      "font_class": "abt_0_1",
      "unicode": "e8a4",
      "unicode_decimal": 59556
    },
    {
      "icon_id": "2028193",
      "name": "编辑",
      "font_class": "bianji1",
      "unicode": "e618",
      "unicode_decimal": 58904
    },
    {
      "icon_id": "1350116",
      "name": "返回",
      "font_class": "back",
      "unicode": "e616",
      "unicode_decimal": 58902
    },
    {
      "icon_id": "7961828",
      "name": "返回",
      "font_class": "fanhui",
      "unicode": "e6a8",
      "unicode_decimal": 59048
    },
    {
      "icon_id": "7466139",
      "name": "合计",
      "font_class": "heji",
      "unicode": "e63b",
      "unicode_decimal": 58939
    },
    {
      "icon_id": "10056818",
      "name": "切换",
      "font_class": "qiehuan",
      "unicode": "e615",
      "unicode_decimal": 58901
    },
    {
      "icon_id": "1491963",
      "name": "rocket",
      "font_class": "rocket",
      "unicode": "e888",
      "unicode_decimal": 59528
    },
    {
      "icon_id": "100740",
      "name": "设置",
      "font_class": "shezhi",
      "unicode": "e62d",
      "unicode_decimal": 58925
    },
    {
      "icon_id": "4942639",
      "name": "附件",
      "font_class": "fujian",
      "unicode": "e614",
      "unicode_decimal": 58900
    },
    {
      "icon_id": "58942",
      "name": "序号3",
      "font_class": "number3",
      "unicode": "e61c",
      "unicode_decimal": 58908
    },
    {
      "icon_id": "58950",
      "name": "序号2",
      "font_class": "number2",
      "unicode": "e627",
      "unicode_decimal": 58919
    },
    {
      "icon_id": "58941",
      "name": "序号1",
      "font_class": "number1",
      "unicode": "e61b",
      "unicode_decimal": 58907
    },
    {
      "icon_id": "58944",
      "name": "序号4",
      "font_class": "number4",
      "unicode": "e61f",
      "unicode_decimal": 58911
    },
    {
      "icon_id": "58947",
      "name": "序号5",
      "font_class": "number5",
      "unicode": "e621",
      "unicode_decimal": 58913
    },
    {
      "icon_id": "975514",
      "name": "横线",
      "font_class": "hengxian",
      "unicode": "e74a",
      "unicode_decimal": 59210
    },
    {
      "icon_id": "553355",
      "name": "删除",
      "font_class": "shanchu1",
      "unicode": "e609",
      "unicode_decimal": 58889
    },
    {
      "icon_id": "609295",
      "name": "07_箭头_向右_fill",
      "font_class": "07jiantouxiangyoufill",
      "unicode": "e617",
      "unicode_decimal": 58903
    },
    {
      "icon_id": "609297",
      "name": "07_箭头_向左_fill",
      "font_class": "07jiantouxiangzuofill",
      "unicode": "e61a",
      "unicode_decimal": 58906
    },
    {
      "icon_id": "936749",
      "name": "向上圆箭头",
      "font_class": "xiangshangyuanjiantou",
      "unicode": "e624",
      "unicode_decimal": 58916
    },
    {
      "icon_id": "936750",
      "name": "向下圆箭头",
      "font_class": "xiangxiayuanjiantou",
      "unicode": "e626",
      "unicode_decimal": 58918
    },
    {
      "icon_id": "5637683",
      "name": "编辑",
      "font_class": "bianji",
      "unicode": "e60c",
      "unicode_decimal": 58892
    },
    {
      "icon_id": "888774",
      "name": "表格",
      "font_class": "biaoge",
      "unicode": "e619",
      "unicode_decimal": 58905
    },
    {
      "icon_id": "5274140",
      "name": "说明",
      "font_class": "shuoming",
      "unicode": "e64e",
      "unicode_decimal": 58958
    },
    {
      "icon_id": "1766478",
      "name": "符号-多行输入框",
      "font_class": "duohangshurukuang",
      "unicode": "e693",
      "unicode_decimal": 59027
    },
    {
      "icon_id": "2668326",
      "name": "提示",
      "font_class": "tishi",
      "unicode": "e628",
      "unicode_decimal": 58920
    },
    {
      "icon_id": "7588126",
      "name": "提示",
      "font_class": "tishi1",
      "unicode": "e625",
      "unicode_decimal": 58917
    },
    {
      "icon_id": "7556172",
      "name": "确定",
      "font_class": "queding",
      "unicode": "e606",
      "unicode_decimal": 58886
    },
    {
      "icon_id": "2076330",
      "name": "加",
      "font_class": "jia",
      "unicode": "e8a6",
      "unicode_decimal": 59558
    },
    {
      "icon_id": "2076331",
      "name": "减",
      "font_class": "jian",
      "unicode": "e8a7",
      "unicode_decimal": 59559
    },
    {
      "icon_id": "4579831",
      "name": "arrow-right",
      "font_class": "arrowright",
      "unicode": "e948",
      "unicode_decimal": 59720
    },
    {
      "icon_id": "6527115",
      "name": "人员",
      "font_class": "renyuan",
      "unicode": "e645",
      "unicode_decimal": 58949
    },
    {
      "icon_id": "8821276",
      "name": "人员-01",
      "font_class": "renyuan-",
      "unicode": "e612",
      "unicode_decimal": 58898
    },
    {
      "icon_id": "1381335",
      "name": "closecircleo",
      "font_class": "closecircleo",
      "unicode": "e613",
      "unicode_decimal": 58899
    },
    {
      "icon_id": "1381439",
      "name": "pluscircleo",
      "font_class": "pluscircleo",
      "unicode": "e644",
      "unicode_decimal": 58948
    },
    {
      "icon_id": "5093339",
      "name": "人",
      "font_class": "ren",
      "unicode": "e604",
      "unicode_decimal": 58884
    },
    {
      "icon_id": "6275362",
      "name": "添加",
      "font_class": "icon-test",
      "unicode": "e61e",
      "unicode_decimal": 58910
    },
    {
      "icon_id": "1048353",
      "name": "通讯录",
      "font_class": "tongxunlu",
      "unicode": "e63a",
      "unicode_decimal": 58938
    },
    {
      "icon_id": "5111270",
      "name": "帮助-空",
      "font_class": "bangzhu-kong",
      "unicode": "e663",
      "unicode_decimal": 58979
    },
    {
      "icon_id": "880297",
      "name": "添加",
      "font_class": "tianjiaadd143",
      "unicode": "e610",
      "unicode_decimal": 58896
    },
    {
      "icon_id": "2545089",
      "name": "新建文件",
      "font_class": "xinjianwenjian",
      "unicode": "e699",
      "unicode_decimal": 59033
    },
    {
      "icon_id": "1731151",
      "name": "公式",
      "font_class": "gongshi",
      "unicode": "e603",
      "unicode_decimal": 58883
    },
    {
      "icon_id": "1766474",
      "name": "符号-单行输入框",
      "font_class": "danhangshurukuang",
      "unicode": "e692",
      "unicode_decimal": 59026
    },
    {
      "icon_id": "774492",
      "name": "日期",
      "font_class": "riqi",
      "unicode": "e68c",
      "unicode_decimal": 59020
    },
    {
      "icon_id": "56191",
      "name": "选中",
      "font_class": "icon49",
      "unicode": "e639",
      "unicode_decimal": 58937
    },
    {
      "icon_id": "3507622",
      "name": "没选中",
      "font_class": "meixuanzhong1",
      "unicode": "e638",
      "unicode_decimal": 58936
    },
    {
      "icon_id": "1366107",
      "name": "多选",
      "font_class": "duoxuan",
      "unicode": "e611",
      "unicode_decimal": 58897
    },
    {
      "icon_id": "3151513",
      "name": "下拉按钮",
      "font_class": "xialaanniu",
      "unicode": "e67a",
      "unicode_decimal": 59002
    },
    {
      "icon_id": "1687759",
      "name": "没选中",
      "font_class": "meixuanzhong",
      "unicode": "e691",
      "unicode_decimal": 59025
    },
    {
      "icon_id": "1812529",
      "name": "选中",
      "font_class": "xuanzhong",
      "unicode": "e6ad",
      "unicode_decimal": 59053
    },
    {
      "icon_id": "6987981",
      "name": "drag-handle",
      "font_class": "drag-handle",
      "unicode": "eb4d",
      "unicode_decimal": 60237
    },
    {
      "icon_id": "5288574",
      "name": "单选",
      "font_class": "danxuan1",
      "unicode": "e667",
      "unicode_decimal": 58983
    },
    {
      "icon_id": "6537187",
      "name": "复制",
      "font_class": "fuzhi",
      "unicode": "e66e",
      "unicode_decimal": 58990
    },
    {
      "icon_id": "493281",
      "name": "删除",
      "font_class": "shanchu",
      "unicode": "e792",
      "unicode_decimal": 59282
    },
    {
      "icon_id": "2440151",
      "name": "打印",
      "font_class": "dayin1",
      "unicode": "e947",
      "unicode_decimal": 59719
    },
    {
      "icon_id": "4351298",
      "name": "列表",
      "font_class": "liebiao",
      "unicode": "e643",
      "unicode_decimal": 58947
    },
    {
      "icon_id": "4906812",
      "name": "取消",
      "font_class": "quxiao",
      "unicode": "e750",
      "unicode_decimal": 59216
    },
    {
      "icon_id": "210552",
      "name": "优先级",
      "font_class": "youxianji01",
      "unicode": "e741",
      "unicode_decimal": 59201
    },
    {
      "icon_id": "1189246",
      "name": "excel-导入",
      "font_class": "exceldaoru",
      "unicode": "e715",
      "unicode_decimal": 59157
    },
    {
      "icon_id": "2062035",
      "name": "返回列表",
      "font_class": "fanhuiliebiao",
      "unicode": "e642",
      "unicode_decimal": 58946
    },
    {
      "icon_id": "2437957",
      "name": "流程图",
      "font_class": "liuchengtu",
      "unicode": "e605",
      "unicode_decimal": 58885
    },
    {
      "icon_id": "2540513",
      "name": "抄送",
      "font_class": "chaosong",
      "unicode": "e655",
      "unicode_decimal": 58965
    },
    {
      "icon_id": "4137356",
      "name": "上传附件",
      "font_class": "shangchuanfujian",
      "unicode": "e64f",
      "unicode_decimal": 58959
    },
    {
      "icon_id": "609508",
      "name": "删除",
      "font_class": "shanchudelete30",
      "unicode": "e70a",
      "unicode_decimal": 59146
    }
  ]
}
